{
    "costs_mean_epoch": [
        2.7166802883148193,
        2.4402596950531006,
        3.228219985961914,
        2.67330002784729,
        3.2764599323272705,
        2.7889201641082764,
        2.928499937057495,
        2.4505999088287354,
        2.4533603191375732,
        2.8209400177001953,
        2.707659959793091,
        3.088599920272827,
        2.6935198307037354,
        3.033140182495117,
        2.561340093612671,
        2.7947998046875,
        2.877920150756836,
        2.488579750061035,
        2.5817999839782715,
        2.9835000038146973,
        2.9584200382232666,
        2.584319829940796,
        2.470020055770874,
        2.730760097503662,
        3.002319812774658,
        2.7922000885009766,
        2.8676202297210693,
        2.954860210418701,
        2.9334399700164795,
        2.707899808883667
    ],
    "act_loss_mean_epoch": [
        0.08451160788536072,
        -0.02787385694682598,
        -0.028467940166592598,
        -0.028456103056669235,
        -0.034357111901044846,
        -0.0294401403516531,
        -0.030324839055538177,
        -0.023783840239048004,
        -0.024943428114056587,
        -0.02336110919713974,
        -0.020756110548973083,
        -0.026262274011969566,
        -0.020352451130747795,
        -0.022856637835502625,
        -0.018105564638972282,
        -0.018534936010837555,
        -0.018911633640527725,
        -0.014714643359184265,
        -0.016314834356307983,
        -0.019686752930283546,
        -0.022719280794262886,
        -0.018495969474315643,
        -0.01754583604633808,
        -0.015766756609082222,
        -0.01810274086892605,
        -0.01143824215978384,
        -0.011789683252573013,
        -0.01232359278947115,
        -0.006313158664852381,
        -0.003922147210687399
    ],
    "crtc_loss_mean_epoch": [
        0.2503661811351776,
        0.22153852880001068,
        0.29903343319892883,
        0.22578120231628418,
        0.29144859313964844,
        0.261284738779068,
        0.2673742175102234,
        0.22188928723335266,
        0.22286786139011383,
        0.251771479845047,
        0.23755097389221191,
        0.29380905628204346,
        0.24745921790599823,
        0.283354252576828,
        0.20791174471378326,
        0.2471379190683365,
        0.24019671976566315,
        0.21662576496601105,
        0.24673569202423096,
        0.24964052438735962,
        0.25035950541496277,
        0.22907334566116333,
        0.2177286595106125,
        0.21620553731918335,
        0.26876407861709595,
        0.23360662162303925,
        0.22800517082214355,
        0.2577916383743286,
        0.23172219097614288,
        0.22063617408275604
    ]
}