{
    "costs_mean_epoch": [
        256.2900085449219,
        318.56201171875,
        311.0400085449219,
        259.3080139160156,
        244.6540069580078,
        288.36199951171875,
        293.5780029296875,
        246.1020050048828,
        316.22198486328125,
        259.7340087890625,
        254.0959930419922,
        246.3820037841797,
        234.75,
        235.37600708007812,
        323.4599914550781
    ],
    "act_loss_mean_epoch": [
        -0.022251414135098457,
        -0.025123093277215958,
        -0.032744958996772766,
        -0.0315905436873436,
        -0.01967649720609188,
        -0.03006516396999359,
        -0.027152512222528458,
        -0.027008578181266785,
        -0.031549397855997086,
        -0.027664897963404655,
        -0.024087514728307724,
        -0.021650362759828568,
        -0.017155151814222336,
        -0.018195923417806625,
        -0.0169194545596838
    ],
    "crtc_loss_mean_epoch": [
        1.5330290794372559,
        1.9669344425201416,
        2.119337797164917,
        1.5414958000183105,
        1.9309520721435547,
        1.6881921291351318,
        1.1637687683105469,
        1.634945273399353,
        1.3040822744369507,
        1.427054524421692,
        1.5383769273757935,
        1.5592066049575806,
        1.4494457244873047,
        1.8181819915771484,
        1.2823772430419922
    ]
}