{
    "costs_mean_epoch": [
        248.19000244140625,
        272.20599365234375,
        231.60000610351562,
        276.4960021972656,
        288.1780090332031,
        275.6000061035156,
        305.8900146484375,
        271.8320007324219,
        221.99200439453125,
        277.5880126953125,
        246.1300048828125,
        332.20001220703125,
        316.0539855957031,
        272.21600341796875,
        279.1780090332031,
        277.3580017089844,
        248.38600158691406,
        227.04800415039062,
        274.1659851074219,
        278.9700012207031,
        304.7300109863281,
        295.2099914550781,
        258.9219970703125,
        305.38800048828125,
        279.4859924316406,
        234.1479949951172,
        299.1099853515625,
        248.79400634765625,
        344.13800048828125,
        272.64599609375
    ],
    "act_loss_mean_epoch": [
        -0.0191871989518404,
        -0.01875179633498192,
        -0.01759197749197483,
        -0.012417676858603954,
        -0.01884119212627411,
        -0.01652243733406067,
        -0.01681981049478054,
        -0.017640670761466026,
        -0.018617261201143265,
        -0.020353473722934723,
        -0.020684080198407173,
        -0.01144209410995245,
        -0.022925617173314095,
        -0.017086178064346313,
        -0.020679421722888947,
        -0.018263185396790504,
        -0.014501423574984074,
        -0.019086472690105438,
        -0.020325126126408577,
        -0.018854890018701553,
        -0.014500312507152557,
        -0.012030296958982944,
        -0.016672438010573387,
        -0.014813035726547241,
        -0.018400685861706734,
        -0.01416077371686697,
        -0.015336254611611366,
        -0.012799915857613087,
        -0.011054187081754208,
        -0.0021950050722807646
    ],
    "crtc_loss_mean_epoch": [
        0.9931624531745911,
        0.9933175444602966,
        1.0020686388015747,
        1.0108363628387451,
        1.016981601715088,
        1.021859884262085,
        1.0290181636810303,
        1.0311095714569092,
        1.0298162698745728,
        1.0273919105529785,
        1.0329276323318481,
        1.0303075313568115,
        1.028283715248108,
        1.0298547744750977,
        1.0339455604553223,
        1.0342415571212769,
        1.0313584804534912,
        1.0351338386535645,
        1.0349453687667847,
        1.035773515701294,
        1.0384029150009155,
        1.039576530456543,
        1.040424108505249,
        1.039253830909729,
        1.0401256084442139,
        1.0401825904846191,
        1.039778709411621,
        1.03943932056427,
        1.0389808416366577,
        1.0387895107269287
    ]
}