{
    "costs_mean_epoch": [
        252.23800659179688,
        330.4419860839844,
        254.63600158691406,
        327.76800537109375,
        224.68800354003906,
        299.2080078125,
        298.7980041503906,
        256.4119873046875,
        318.4679870605469,
        308.9320068359375,
        254.36399841308594,
        252.15199279785156,
        312.7200012207031,
        264.73199462890625,
        257.39801025390625,
        393.0580139160156,
        293.33599853515625,
        287.3219909667969,
        250.47999572753906,
        247.97999572753906,
        230.65199279785156,
        249.70399475097656,
        276.26800537109375,
        283.69000244140625,
        243.2239990234375,
        351.0539855957031,
        280.18798828125,
        281.32000732421875,
        276.7560119628906,
        313.1340026855469
    ],
    "act_loss_mean_epoch": [
        -0.02507782354950905,
        -0.021658150479197502,
        -0.026597585529088974,
        -0.027572322636842728,
        -0.0154776806011796,
        -0.023153597488999367,
        -0.014971963129937649,
        -0.01929420977830887,
        -0.023005176335573196,
        -0.026667239144444466,
        -0.018675517290830612,
        -0.022207647562026978,
        -0.017843708395957947,
        -0.016410229727625847,
        -0.018004966899752617,
        -0.01182450819760561,
        -0.018742498010396957,
        -0.016822559759020805,
        -0.013181211426854134,
        -0.018323110416531563,
        -0.012444042600691319,
        -0.01427711546421051,
        -0.015641028061509132,
        -0.016513269394636154,
        -0.012974562123417854,
        -0.01340343989431858,
        -0.010786235332489014,
        -0.009011783637106419,
        -0.007568397093564272,
        -0.003940804395824671
    ],
    "crtc_loss_mean_epoch": [
        0.9828604459762573,
        0.9815655946731567,
        0.9876189827919006,
        0.9893245697021484,
        1.0294402837753296,
        1.027923822402954,
        1.0308884382247925,
        1.0232259035110474,
        1.03033447265625,
        1.0345087051391602,
        1.0268487930297852,
        1.0228594541549683,
        1.0312567949295044,
        1.0384737253189087,
        1.0685615539550781,
        1.0288958549499512,
        0.9474661946296692,
        0.9339432716369629,
        0.964879035949707,
        0.9791113138198853,
        0.9284623861312866,
        0.937201976776123,
        0.9142928719520569,
        0.9110385179519653,
        0.9434418678283691,
        0.9273372292518616,
        0.9335281848907471,
        0.9102703928947449,
        0.922278106212616,
        0.8923290371894836
    ]
}