{
    "costs_mean_epoch": [
        3.140049457550049,
        3.2227001190185547,
        3.386579990386963,
        2.9168200492858887,
        3.044299840927124
    ],
    "act_loss_mean_epoch": [
        0.10929014533758163,
        -0.034136660397052765,
        -0.0317959301173687,
        -0.02709590084850788,
        -0.033749498426914215
    ],
    "crtc_loss_mean_epoch": [
        0.37578001618385315,
        0.3662092685699463,
        0.38604211807250977,
        0.34163758158683777,
        0.3726463317871094
    ]
}