{
    "costs_mean_epoch": [
        2.513000011444092,
        3.3879599571228027,
        2.351639986038208,
        2.8239200115203857,
        2.7103400230407715,
        2.605940103530884,
        2.3138201236724854,
        2.540560007095337,
        3.407680034637451,
        2.746040105819702,
        2.258280038833618,
        2.697160005569458,
        3.3554396629333496,
        2.1232001781463623,
        2.6547999382019043,
        2.8654801845550537,
        3.12496018409729,
        2.7599599361419678,
        3.111720085144043,
        3.4761598110198975,
        2.968179941177368,
        2.7739596366882324,
        3.008280038833618,
        2.7687201499938965,
        2.577380418777466,
        2.8942596912384033,
        3.558459520339966,
        4.0051798820495605,
        2.914299964904785,
        2.440580129623413
    ],
    "act_loss_mean_epoch": [
        -0.022333066910505295,
        0.02162545546889305,
        -0.011454498395323753,
        -0.0126194441691041,
        -0.019666079431772232,
        -0.00947109330445528,
        -0.010858527384698391,
        0.6360476016998291,
        229.19088745117188,
        1.3813316822052002,
        0.10983061790466309,
        215.9120635986328,
        26691460.0,
        0.18803603947162628,
        29.531982421875,
        41853692.0,
        4.752102375030518,
        251.13613891601562,
        500017173364736.0,
        31293742.0,
        9.02739143371582,
        8.649102210998535,
        240843210752.0,
        3840.006103515625,
        1.3888087272644043,
        0.5808001160621643,
        7.356717227115351e+26,
        4.471042472345537e+20,
        113430.703125,
        94387.453125
    ],
    "crtc_loss_mean_epoch": [
        0.23263123631477356,
        0.33661991357803345,
        0.21187910437583923,
        0.2966839075088501,
        0.27463436126708984,
        0.23610252141952515,
        0.2080332487821579,
        0.22292761504650116,
        0.34524717926979065,
        0.24536818265914917,
        0.19751642644405365,
        0.22380569577217102,
        0.31089267134666443,
        0.17256063222885132,
        0.2018180936574936,
        0.25589072704315186,
        0.235747829079628,
        0.21194134652614594,
        0.2244560420513153,
        0.2845829129219055,
        0.25169509649276733,
        0.24299655854701996,
        0.20759348571300507,
        0.25611570477485657,
        0.1971392035484314,
        0.21594136953353882,
        0.298857182264328,
        0.33436065912246704,
        0.20876437425613403,
        0.16700033843517303
    ]
}