{
    "costs_mean_epoch": [
        262.13848876953125,
        307.4389953613281,
        297.9175109863281,
        279.33575439453125,
        303.12750244140625,
        300.5527648925781,
        293.7405090332031,
        312.0364990234375,
        314.0197448730469,
        301.0690002441406,
        296.2690124511719,
        284.73223876953125,
        323.3789978027344,
        293.0539855957031,
        313.7695007324219,
        300.38800048828125,
        303.46673583984375,
        311.42401123046875,
        293.7147521972656,
        310.9357604980469,
        292.5052490234375,
        308.8002624511719,
        320.66900634765625,
        317.1709899902344,
        301.625,
        304.85101318359375,
        291.57073974609375,
        285.8760070800781,
        308.1600036621094,
        285.864990234375
    ],
    "act_loss_mean_epoch": [
        0.04378492012619972,
        -3.358349376370029e-09,
        -3.693625405531975e-09,
        -1.6335398589362171e-09,
        -3.809109472285854e-09,
        1.465901844355244e-09,
        -3.6563725380744927e-09,
        -3.1441451664449005e-09,
        1.1287629719802794e-09,
        1.4714897356160606e-10,
        -4.459172586734894e-09,
        -8.20495227316087e-09,
        -9.406357914798491e-10,
        -2.7306379379865575e-09,
        -1.439824814930546e-09,
        -9.02079122511168e-09,
        4.330650060779817e-09,
        -1.7192215429062685e-09,
        -5.410984438292132e-10,
        -9.12696168642313e-11,
        -3.2205136335505813e-09,
        3.725290475403709e-12,
        2.6673079300820746e-09,
        -3.9413574626223635e-09,
        2.6840718536647046e-09,
        5.926937163280854e-09,
        -1.912936697934242e-09,
        1.1641532182693481e-10,
        -1.9753352287210646e-09,
        -4.675239639873041e-10
    ],
    "crtc_loss_mean_epoch": [
        0.9217204451560974,
        0.9168810844421387,
        0.9002925157546997,
        0.9065490961074829,
        0.9044266939163208,
        0.9011922478675842,
        0.9017183780670166,
        0.9051251411437988,
        0.9057008028030396,
        0.9007231593132019,
        0.9106161594390869,
        0.9160394668579102,
        0.9035452008247375,
        0.9002696871757507,
        0.9165706038475037,
        0.9036033153533936,
        0.9049451351165771,
        0.9034154415130615,
        0.9026806950569153,
        0.8987886309623718,
        0.9053162336349487,
        0.9149725437164307,
        0.9130743145942688,
        0.9085670709609985,
        0.9059025645256042,
        0.8974161744117737,
        0.9015821814537048,
        0.8991544842720032,
        0.9069978594779968,
        0.9020931720733643
    ]
}