{
    "costs_mean_epoch": [
        2.989109516143799,
        6.3834099769592285,
        6.210240364074707,
        6.600249767303467,
        5.479480266571045
    ],
    "act_loss_mean_epoch": [
        0.043913017958402634,
        0.19879162311553955,
        -0.020635617896914482,
        0.27306824922561646,
        44.464839935302734
    ],
    "crtc_loss_mean_epoch": [
        0.2601413130760193,
        0.6207727789878845,
        0.7491304278373718,
        0.6368758678436279,
        0.563925564289093
    ]
}