{
    "costs_mean_epoch": [
        290.9912414550781,
        288.8160095214844,
        289.81475830078125,
        305.44775390625,
        303.8034973144531,
        275.6669921875,
        290.62799072265625,
        303.21875,
        317.8575134277344,
        274.7797546386719,
        271.228759765625,
        290.9110107421875,
        288.572509765625,
        278.4532470703125,
        290.41650390625,
        295.67449951171875,
        283.09698486328125,
        297.9012451171875,
        308.8787536621094,
        301.84124755859375,
        272.2300109863281,
        316.9492492675781,
        260.72625732421875,
        295.32025146484375,
        266.84100341796875,
        289.8587646484375,
        259.0165100097656,
        263.5085144042969,
        273.15850830078125,
        293.31201171875
    ],
    "act_loss_mean_epoch": [
        0.00032873451709747314,
        0.004880472552031279,
        0.002085272455587983,
        -0.0005371815641410649,
        0.01754935085773468,
        0.0011946589220315218,
        0.010396813042461872,
        0.0022450280375778675,
        0.006113121286034584,
        0.005381767172366381,
        0.002203690819442272,
        0.006730471737682819,
        0.002563248621299863,
        0.0018307574791833758,
        0.0029712344985455275,
        0.00166439323220402,
        0.004962751641869545,
        0.0035496794153004885,
        0.009134214371442795,
        0.005403227172791958,
        -0.000771752092987299,
        0.004312579985707998,
        -0.00028537699836306274,
        -0.0004527439596131444,
        0.0012337110238149762,
        0.0015060952864587307,
        -0.000997099676169455,
        -2.6899469958152622e-05,
        -0.0014419591752812266,
        -0.000570162374060601
    ],
    "crtc_loss_mean_epoch": [
        0.5242033004760742,
        0.44705379009246826,
        0.47776955366134644,
        0.48957329988479614,
        0.36667612195014954,
        0.4399811923503876,
        0.40053340792655945,
        0.37984001636505127,
        0.47953054308891296,
        0.5205876231193542,
        0.4581949710845947,
        0.38844990730285645,
        0.43080273270606995,
        0.3578994572162628,
        0.5394734740257263,
        0.3531687259674072,
        0.4933519959449768,
        0.45444032549858093,
        0.29623109102249146,
        0.4703004062175751,
        0.34657710790634155,
        0.3930670917034149,
        0.5480101704597473,
        0.32638874650001526,
        0.3709689974784851,
        0.4813464283943176,
        0.37536686658859253,
        0.5420908331871033,
        0.411922812461853,
        0.4805189073085785
    ]
}