{
    "costs_mean_epoch": [
        2.8084099292755127,
        2.9435601234436035,
        3.263629913330078,
        3.147510051727295,
        3.2387702465057373
    ],
    "act_loss_mean_epoch": [
        0.06906250864267349,
        -0.03276027366518974,
        -0.026612645015120506,
        -0.03522748500108719,
        -0.027293046936392784
    ],
    "crtc_loss_mean_epoch": [
        0.31737470626831055,
        0.32860130071640015,
        0.37315449118614197,
        0.33680984377861023,
        0.34399178624153137
    ]
}