{
    "costs_mean_epoch": [
        3.4446799755096436,
        4.1618499755859375,
        4.228600025177002,
        4.549030303955078,
        5.759260177612305
    ],
    "act_loss_mean_epoch": [
        0.0968925803899765,
        -0.033210914582014084,
        -0.0331844724714756,
        -0.018310988321900368,
        0.07769689708948135
    ],
    "crtc_loss_mean_epoch": [
        0.30368974804878235,
        0.28197774291038513,
        0.330059289932251,
        0.37729641795158386,
        0.5469004511833191
    ]
}