{
    "costs_mean_epoch": [
        3.2725000381469727,
        3.3010358810424805,
        3.029301881790161,
        3.1637120246887207,
        3.108412027359009,
        3.3463873863220215,
        3.1166419982910156,
        3.3068320751190186,
        3.072185516357422,
        3.2583041191101074,
        3.3545539379119873,
        3.304957866668701,
        3.203455924987793,
        3.2090559005737305,
        3.2599878311157227,
        3.387944459915161,
        3.2242701053619385,
        3.3661301136016846,
        3.4637820720672607,
        3.191646099090576,
        3.4521117210388184,
        3.472625732421875,
        3.102703809738159,
        3.2427821159362793,
        3.2350120544433594,
        3.4483180046081543,
        3.4982078075408936,
        3.333775758743286,
        3.3840839862823486,
        3.501256227493286
    ],
    "act_loss_mean_epoch": [
        -0.04769153892993927,
        -0.04553058370947838,
        -0.048217251896858215,
        -0.04673944413661957,
        -0.047738440334796906,
        -0.046562522649765015,
        -0.04942264035344124,
        -0.04877889156341553,
        -0.049104344099760056,
        -0.04924410209059715,
        -0.051149025559425354,
        -0.04975830763578415,
        -0.04985705390572548,
        -0.049253158271312714,
        -0.04660126566886902,
        -0.04741053283214569,
        -0.04700738936662674,
        -0.04920729249715805,
        -0.04811680316925049,
        -0.046520158648490906,
        -0.049337320029735565,
        -0.049526091665029526,
        -0.04503725469112396,
        -0.047333311289548874,
        -0.04533575102686882,
        -0.04366640746593475,
        -0.042685117572546005,
        -0.039062291383743286,
        -0.03612085431814194,
        -0.027153953909873962
    ],
    "crtc_loss_mean_epoch": [
        0.3067972958087921,
        0.31928712129592896,
        0.2736935317516327,
        0.28501853346824646,
        0.27775755524635315,
        0.3318719267845154,
        0.29305604100227356,
        0.3028095066547394,
        0.275237113237381,
        0.28619349002838135,
        0.2984974682331085,
        0.28627434372901917,
        0.2871098816394806,
        0.27823513746261597,
        0.2932051122188568,
        0.2916077673435211,
        0.2650902271270752,
        0.2975819706916809,
        0.29467886686325073,
        0.2785205543041229,
        0.28788626194000244,
        0.27986055612564087,
        0.26457837224006653,
        0.25999677181243896,
        0.2660590410232544,
        0.30193135142326355,
        0.30376625061035156,
        0.2788696587085724,
        0.27741724252700806,
        0.3010767996311188
    ]
}