{
    "costs_mean_epoch": [
        2.8544161319732666,
        2.9257659912109375,
        2.9230759143829346,
        3.016957998275757,
        2.8439698219299316,
        2.937486171722412,
        2.7352638244628906,
        2.9691717624664307,
        2.9301979541778564,
        2.8640918731689453
    ],
    "act_loss_mean_epoch": [
        -0.03205474093556404,
        -0.034524235874414444,
        -0.037123844027519226,
        -0.03752819821238518,
        -0.03213692456483841,
        -0.017763148993253708,
        -0.028233416378498077,
        -0.014754173345863819,
        0.10906091332435608,
        0.17824575304985046
    ],
    "crtc_loss_mean_epoch": [
        0.26345863938331604,
        0.26701852679252625,
        0.2632722556591034,
        0.27671757340431213,
        0.2654993534088135,
        0.2615339756011963,
        0.24500155448913574,
        0.26463717222213745,
        0.26424288749694824,
        0.26385635137557983
    ]
}