{
    "costs_mean_epoch": [
        282.1199951171875,
        205.50399780273438,
        257.15399169921875,
        254.2239990234375,
        274.54998779296875,
        258.4419860839844,
        224.0279998779297,
        275.8320007324219,
        296.35400390625,
        261.89801025390625,
        262.9419860839844,
        241.90199279785156,
        284.1960144042969,
        291.18798828125,
        258.2860107421875,
        265.0580139160156,
        332.8739929199219,
        279.8659973144531,
        257.5199890136719,
        229.12399291992188,
        286.64599609375,
        260.32000732421875,
        352.7380065917969,
        274.71600341796875,
        256.0559997558594,
        299.6340026855469,
        319.97601318359375,
        273.6759948730469,
        252.6199951171875,
        255.54400634765625
    ],
    "act_loss_mean_epoch": [
        -0.01753167435526848,
        -0.01729978621006012,
        -0.021511152386665344,
        -0.018046727403998375,
        -0.016859261319041252,
        -0.01952960342168808,
        -0.01623968780040741,
        -0.024505821987986565,
        -0.023644346743822098,
        -0.023021718487143517,
        -0.020956631749868393,
        -0.021780824288725853,
        -0.0180058591067791,
        -0.024458905681967735,
        -0.019257543608546257,
        -0.021606601774692535,
        -0.017985830083489418,
        -0.02314428798854351,
        -0.02165668085217476,
        -0.014710575342178345,
        -0.02274780534207821,
        -0.020139291882514954,
        -0.02484109438955784,
        -0.018373021855950356,
        -0.013870706781744957,
        -0.015239835716784,
        -0.020267155021429062,
        -0.01193653792142868,
        -0.007735766004770994,
        -0.003318533767014742
    ],
    "crtc_loss_mean_epoch": [
        1.428310513496399,
        1.628330945968628,
        1.4907976388931274,
        1.4443018436431885,
        1.3053070306777954,
        1.4413104057312012,
        1.142162799835205,
        1.6561347246170044,
        1.354001760482788,
        1.8316476345062256,
        1.699432134628296,
        1.4525593519210815,
        1.4968000650405884,
        1.4547699689865112,
        1.5091496706008911,
        1.3578119277954102,
        1.5775654315948486,
        1.4589471817016602,
        1.4247757196426392,
        1.6383755207061768,
        1.2113757133483887,
        1.487498164176941,
        1.1717268228530884,
        1.6359162330627441,
        1.404127836227417,
        1.401535153388977,
        1.4486743211746216,
        1.643727421760559,
        0.9138584733009338,
        1.2973312139511108
    ]
}