{
    "costs_mean_epoch": [
        2.9989700317382812,
        2.9747400283813477,
        3.191729784011841,
        3.236189603805542,
        3.122239828109741
    ],
    "act_loss_mean_epoch": [
        -0.031297337263822556,
        -0.05032500624656677,
        -0.04207402840256691,
        -0.03490319848060608,
        -0.04555791616439819
    ],
    "crtc_loss_mean_epoch": [
        0.2562918961048126,
        0.23304365575313568,
        0.21678102016448975,
        0.24196478724479675,
        0.20532338321208954
    ]
}