{
    "costs_mean_epoch": [
        295.8299865722656,
        296.4327392578125,
        295.6499938964844,
        303.3002624511719,
        303.0902404785156,
        302.04901123046875,
        285.3915100097656,
        295.5797424316406,
        294.4417419433594,
        304.9222412109375,
        289.104248046875,
        306.6805114746094,
        286.81976318359375,
        270.53173828125,
        298.4482421875,
        276.728759765625,
        275.6189880371094,
        275.4184875488281,
        297.9385070800781,
        277.87799072265625,
        281.0820007324219,
        307.3634948730469,
        289.4934997558594,
        291.9330139160156,
        281.5732421875,
        294.7434997558594,
        307.7755126953125,
        293.031005859375,
        295.22100830078125,
        288.0607604980469
    ],
    "act_loss_mean_epoch": [
        -0.010167636908590794,
        -0.007428719662129879,
        -0.0010603874688968062,
        -0.0015209519769996405,
        0.025053979828953743,
        0.004436196759343147,
        -0.0041824751533567905,
        -0.0007876051240600646,
        0.0028051279950886965,
        0.00043793657096102834,
        -0.005171989556401968,
        -0.006331724114716053,
        -0.0021982707548886538,
        -0.0055970558896660805,
        -0.0029178487602621317,
        -0.003596552647650242,
        -0.004495739936828613,
        -0.0038281448651105165,
        -0.004423840902745724,
        -0.005679973866790533,
        -0.005015561822801828,
        -0.002691946690902114,
        -0.0030451156198978424,
        -0.003736961865797639,
        -0.0026169163174927235,
        -0.002586526796221733,
        -0.002193958731368184,
        -0.001955561339855194,
        -0.00141143798828125,
        -0.000417010101955384
    ],
    "crtc_loss_mean_epoch": [
        0.5239244103431702,
        0.43985864520072937,
        0.5149034857749939,
        0.47069257497787476,
        0.6140838861465454,
        0.5233752727508545,
        0.43077534437179565,
        0.47928568720817566,
        0.3988964259624481,
        0.5166354179382324,
        0.4926658570766449,
        0.39498433470726013,
        0.4426478147506714,
        0.5203402638435364,
        0.47750625014305115,
        0.4158986508846283,
        0.5625206232070923,
        0.47693419456481934,
        0.3506370186805725,
        0.3909664452075958,
        0.44547364115715027,
        0.3712889850139618,
        0.3739239573478699,
        0.4202567934989929,
        0.40200677514076233,
        0.604369044303894,
        0.4130632281303406,
        0.3802177906036377,
        0.5378708839416504,
        0.42905429005622864
    ]
}